,symbol,name,isin,sector,industry,country,exchange
0,2CRSI.PA,2CRSI,,,,,Euronext Paris
1,2MX.PA,2MX ORGANIC,,,,,Euronext Paris
2,3IN.L,3i Infrastructure plc,,,,,
3,AADR,,US00768Y2063,,,,
4,AAF,,INE322R01014,,,,
5,AALB,AALBERTS NV,INE717E01013,,,,Euronext Amsterdam
6,AAXJ,,US4642881829,,,,
7,ABCA,ABC ARBITRAGE,DK0000ABA001,,,,Euronext Paris
8,ABO,ABO GROUP,BE0974278104,,,,Euronext Brussels
9,ACABU,,AU000000CLZ3,,,,
10,ACCB,ACCENTIS,BE0003696102,,,,Euronext Brussels
11,ACCEL,ACCELL GROUP,INE020G01017,,,,Euronext Amsterdam
12,ACEVW,,INE715F01014,,,,
13,ACKB,ACKERMANS V.HAAREN,JP3121120004,,,,Euronext Brussels
14,ACKIT,,US00461L3033,,,,
15,ACKIU,,US00461L2043,,,,
16,ACOMO,AMSTERDAM COMMOD.,JP3161290006,,,,Euronext Amsterdam
17,ACWI,,US4642882579,,,,
18,ACWX,,US4642882405,,,,
19,ADRE,,US46090C3051,,,,
20,ADUX,ADUX,DE00AUX00000,,,,Euronext Paris
21,ADVI,ADVINI,FR0000053043,,,,Euronext Paris
22,ADVIC,ADVICENNE,FR0013296746,,,,Euronext Paris
23,ADYEN,ADYEN,JP3122380003,,,,Euronext Amsterdam
24,AEACW,,DE000A1MMEV4,,,,
25,AEGA,AEGA,SE0014401121,,,,Euronext Expand Oslo
26,AFISH,ARCTIC FISH HOLDIN,INE011R01013,,,,Euronext Growth Oslo
27,AGN,AEGON,JP3780150003,,,,Euronext Amsterdam
28,AIA,,US4642884302,,,,
29,AIRR,,US33738R7044,,,,
30,AIRX,AIRTHINGS,GB0008123027,,,,Euronext Growth Oslo
31,AJAX,AJAX,INE031B01049,,,,Euronext Amsterdam
32,AJB,,INE229B01015,,,,
33,AKE,ARKEMA,NO0010936081,,,,Euronext Paris
34,AKICW,,GB00BYV31355,,,,
35,AKW,AKWEL,DE000A3CSTW4,,,,Euronext Paris
36,AKZA,AKZO NOBEL,FR0004180537,,,,Euronext Amsterdam
37,ALACT,ACTICOR BIOTECH,AU000000AQG6,,,,Euronext Growth Paris
38,ALADA,ADA,INE243E01010,,,,Euronext Growth Paris
39,ALALO,ACHETER-LOUER.FR,NET00AVA1230,,,,Euronext Growth Paris
40,ALAMA,AMA CORPORATION,SA12CG541C16,,,,Euronext Growth Paris
41,ALAUD,AUDACIA,FI0009001127,,,,Euronext Growth Paris
42,ALBI,GASCOGNE,GB00B1G3LR35,,,,Euronext Growth Paris
43,ALBIO,BIOSYNEX,FR0012332864,,,,Euronext Growth Paris
44,ALBOA,BOA CONCEPT,DE0006209901,,,,Euronext Growth Paris
45,ALBOO.PA,BOOSTHEAT,GB0004832472,,,,Euronext Growth Paris
46,ALCES,CESAR,GB00BGQVB052,,,,Euronext Growth Paris
47,ALCHI,ALCHIMIE,FR0014000JX7,,,,Euronext Growth Paris
48,ALCOR,BIOCORP,JP3126210008,,,,Euronext Growth Paris
49,ALCUR,ARCURE,FR0013398997,,,,Euronext Growth Paris
50,ALD,ALD,US97717X8424,,,,Euronext Paris
51,ALDAR,DAMARTEX,INE673E01018,,,,Euronext Growth Paris
52,ALDEL,DELFINGEN,DK0060299063,,,,Euronext Growth Paris
53,ALDEV,DEVERNOIS,CH0006668930,,,,Euronext Growth Paris
54,ALDR,DELTA DRONE,SA000A0HNGZ6,,,,Euronext Growth Paris
55,ALDV,ADC SIIC,SA000A0HNGZ6,,,,Euronext Paris
56,ALECR,EUROFINS CEREP,CA01450V1040,,,,Euronext Growth Paris
57,ALENO,ENOGIA,JO3128711012,,,,Euronext Growth Paris
58,ALENT,ENTREPARTICULIERS,JO3128711012,,,,Euronext Growth Paris
59,ALEXA,EXACOMPTA CLAIREF.,EGS30471C014,,,,Euronext Growth Paris
60,ALFEN,ALFEN,IS0000024602,,,,Euronext Amsterdam
61,ALFRE,FREELANCE.COM,SA000A0HNGZ6,,,,Euronext Growth Paris
62,ALGBE,GLOBAL BIOENERGIES,FR0011052257,,,,Euronext Growth Paris
63,ALGEN,GENOWAY,BG11ALBAAT17,,,,Euronext Growth Paris
64,ALGRO,GROLLEAU,ARAGRO010015,,,,Euronext Growth Paris
65,ALIDS,IDSUD,JO3122011013,,,,Euronext Growth Paris
66,ALIE,ILBE,JP3399240005,,,,Euronext Growth Paris
67,ALINT,INTEGRAGEN,JP3126100001,,,,Euronext Growth Paris
68,ALISP,ISPD,JO3122011013,,,,Euronext Growth Paris
69,ALKAL,KALRAY,INE773I01017,,,,Euronext Growth Paris
70,ALKEM,GROUPE BERKEM,INE540L01014,,,,Euronext Growth Paris
71,ALKER,MEDIA MAKER,IT0005314635,,,,Euronext Growth Paris
72,ALKOM,KOMPUESTOS,BG11ALSUAT14,,,,Euronext Growth Paris
73,ALLAN,LANSON-BCC,DE000A0DPRE6,,,,Euronext Growth Paris
74,ALLEC,COGELEC,DE0005034201,,,,Euronext Growth Paris
75,ALLEX,LEXIBOOK LINGUIST.,DE0005034201,,,,Euronext Growth Paris
76,ALLGO,LARGO,DE000A2GS633,,,,Euronext Growth Paris
77,ALLIX,WALLIX,US01877C7056,,,,Euronext Growth Paris
78,ALLOG,LOGIC INSTRUMENT,AU0000183915,,,,Euronext Growth Paris
79,ALMAK,MAKHEIA GROUP,IT0005434615,,,,Euronext Growth Paris
80,ALMAR,MARE NOSTRUM,SA000A0ETHT1,,,,Euronext Growth Paris
81,ALMAS,MASTRAD,IT0005434615,,,,Euronext Growth Paris
82,ALMDP,MEDESIS PHARMA,US02217B2097,,,,Euronext Growth Paris
83,ALMER,SAPMER,JP3126520000,,,,Euronext Growth Paris
84,ALMET,METHANOR,JP3126500002,,,,Euronext Growth Paris
85,ALNG,AWILCO LNG,NO0010607971,,,,Euronext Expand Oslo
86,ALNOR,NEXPONOR-SICAFI,INE422G01015,,,,Euronext Growth Lisbon
87,ALNOV,NOVACYT,CH0000AEN011,,,,Euronext Growth Paris
88,ALO,ALSTOM,INE527R01018,,,,Euronext Paris
89,ALONC,ONCODESIGN,JP3126100001,,,,Euronext Growth Paris
90,ALORA,ALTHEORA,INE527R01018,,,,Euronext Growth Paris
91,ALPAR,GPE PAROT (AUTO),CH0001413704,,,,Euronext Growth Paris
92,ALPER,LA PERLA FASHION,JP3126470008,,,,Euronext Growth Paris
93,ALPHA,PHARNEXT,JP3126360001,,,,Euronext Growth Paris
94,ALPHE,PHERECYDES PHARMA,JP3126410004,,,,Euronext Growth Paris
95,ALPHI,FACEPHI,JP3126410004,,,,Euronext Growth Paris
96,ALPLA,PLANET MEDIA,FR0013410370,,,,Euronext Growth Paris
97,ALPRI,PRISMAFLEX INTL,PTALT0AE0002,,,,Euronext Growth Paris
98,ALPRO,PRODWARE,INE579B01039,,,,Euronext Growth Paris
99,ALSEN,SENSORION,JP3126470008,,,,Euronext Growth Paris
100,ALSER,SERMA GROUP,JP3126460009,,,,Euronext Growth Paris
101,ALTA,ALTAREA,CA02144U2056,,,,Euronext Paris
102,ALTAN,LE TANNEUR,CA02143B2084,,,,Euronext Growth Paris
103,ALTEV,ENVEA,JP3126350002,,,,Euronext Growth Paris
104,ALTHE,THERACLION,INE057D01016,,,,Euronext Growth Paris
105,ALTIV,TIVOLY,FI4000292438,,,,Euronext Growth Paris
106,ALTOO,TOOSLA,CH0001689683,,,,Euronext Growth Paris
107,ALTRI,TRILOGIQ,PTALT0AE0002,,,,Euronext Growth Paris
108,ALTRO,TRONICS,ZAE000191342,,,,Euronext Growth Paris
109,ALTUR,ALTUR INVEST.,ROALTCACNOR1,,,,Euronext Paris
110,ALUCI,LUCIBEL,GRS289103004,,,,Euronext Growth Paris
111,ALUCR,UCAR,ARALUA010258,,,,Euronext Growth Paris
112,ALUMS,UMANIS,GB0000280353,,,,Euronext Growth Paris
113,ALVER,VERGNET,FR0013253812,,,,Euronext Growth Paris
114,ALVIV,VISIATIV,INE461H01011,,,,Euronext Growth Paris
115,ALWF,WINFARM,CH0453226893,,,,Euronext Growth Paris
116,AMPLI,AMPLITUDE SURGICAL,FR0012789667,,,,Euronext Paris
117,AMUN,AMUNDI,FR0004125920,,,,Euronext Paris
118,AMUND,ALMUNDA PRO NV,CH0002271010,,,,Euronext Amsterdam
119,ANDF,ANDFJORD SALMON,NO0010829765,,,,Euronext Growth Oslo
120,ANGL,,US92189F4375,,,,
121,ANTIN,ANTIN INFRA PARTN,FR0014005AL0,,,,Euronext Paris
122,ANTO,,GB0000455849,,,,
123,AOW,AKER OFFSHORE WIND,JP3105900009,,,,Euronext Growth Oslo
124,APA,,US03743Q1085,,,,
125,APAX,,PLAPATR00018,,,,
126,ARAMI,ARAMIS GROUP,FR0014003U94,,,,Euronext Paris
127,ARCAD,ARCADIS,AU0000145815,,,,Euronext Amsterdam
128,ARDO,ARDOIN ST AMAND B,FR0005057635,,,,Euronext Access Paris
129,ARGEO,ARGEO,NO0010946593,,,,Euronext Growth Oslo
130,ARTO,ARTOIS NOM.,INE133D01023,,,,Euronext Paris
131,ASET,,US33939L7385,,,,
132,ASHM,,JP3118400005,,,,
133,ASIT,ASIT,SE0003036821,,,,Euronext Brussels
134,ASPCW,,ROCMPSACNOR9,,,,
135,ASTRO,ASTROCAST,AU000000ARO8,,,,Euronext Growth Oslo
136,ATEB,ATENOR,PLATMSI00016,,,,Euronext Brussels
137,ATEME,ATEME,FR0011992700,,,,Euronext Paris
138,ATSPT,,US0395623012,,,,
139,ATSPU,,US0395622022,,,,
140,AURE,AUREA,FR0000039232,,,,Euronext Paris
141,AURS,AURES TECHNOLOGIES,NO0006001601,,,,Euronext Paris
142,AVV,,INE461H01011,,,,
143,AXW,AXWAY SOFTWARE,FR0011040500,,,,Euronext Paris
144,AYFIE,AYFIE GROUP,AU000000MFD1,,,,Euronext Growth Oslo
145,AZE,AZELIS GROUP,JP3120070002,,,,Euronext Brussels
146,BAB,,US46138G8050,,,,
147,BACE,BRIGADE M3 SHA,SE0008015259,,,,Euronext Amsterdam
148,BAIN,BAINS MER MONACO,FR0000051302,,,,Euronext Paris
149,BALTA,BALTA GROUP,BE0974314461,,,,Euronext Brussels
150,BALYO,BALYO,INE119R01014,,,,Euronext Paris
151,BARC,,JP3778310007,,,,
152,BARRA,BARRAMUNDI GROUP,NZBRME0001S2,,,,Euronext Growth Oslo
153,BAS,BASILIX CERT,RU0007976957,,,,Euronext Brussels
154,BASS,BASSAC,AU000000BAS3,,,,Euronext Paris
155,BBED,BETER BED,LU1068091351,,,,Euronext Amsterdam
156,BBH,,US92189F7261,,,,
157,BEAB,BEAULIEU-AV. CERT,NET000BODY01,,,,Euronext Brussels
158,BEEMW,,NET000SPR123,,,,
159,BEKB,BEKAERT,CH0009691608,,,,Euronext Brussels
160,BELR,BELRECA,BE0020575115,,,,Euronext Brussels
161,BELU,BELUGA,BE0003723377,,,,Euronext Brussels
162,BENER,,FI4000507488,,,,
163,BENEW,,FI4000507488,,,,
164,BERR,FIN.ETANG BERRE,DE0008214800,,,,Euronext Paris
165,BEVER,BEVER HOLDING,NL0000285278,,,,Euronext Amsterdam
166,BFIT,,US37954Y7985,,,,
167,BGRYW,,GB00BVDPPV41,,,,
168,BIB,,US74347R2141,,,,
169,BICK,,US33733H1077,,,,
170,BIFF,,ROBIOFACNOR9,,,,
171,BIM,BIOMERIEUX,IT0000074077,,,,Euronext Paris
172,BIOTW,,NET000CABIO1,,,,
173,BIRG,BANK OF IRELAND GP,NET000BIRD01,,,,Euronext Dublin
174,BIS,,US74347B7890,,,,
175,BJK,,US92189F8822,,,,
176,BLEE,BLEECKER,FR0000062150,,,,Euronext Paris
177,BLEUU,,KYG117281215,,,,
178,BLV,BELIEVE,US9219377937,,,,Euronext Paris
179,BMAQR,,DE000A0M93V6,,,,
180,BNB,BQUE NAT. BELGIQUE,KR7138930003,,,,Euronext Brussels
181,BNBS,DRONE VOLT BS26,CH0012684657,,,,Euronext Growth Paris
182,BND,,US9219378356,,,,
183,BNDX,,US92203J4076,,,,
184,BNGO,,US09075F1075,,,,
185,BNKR,,ID1000099708,,,,
186,BOKA,BOSKALIS WESTMIN,SE0008091581,,,,Euronext Amsterdam
187,BOLS,LUCASBOLS,NL0010998878,,,,Euronext Amsterdam
188,BOTHE,BONE THERAPEUTICS,JP3647600000,,,,Euronext Brussels
189,BOTZ,,US37954Y7159,,,,
190,BPOST,BPOST,FR0011814938,,,,Euronext Brussels
191,BRA,BRABANK,DK0061670205,,,,Euronext Growth Oslo
192,BRBY,,AU000000BBN2,,,,
193,BRILL,BRILL KON,NL0000442523,,,,Euronext Amsterdam
194,BRLIR,,DE0005272702,,,,
195,BRLIW,,DE0005272702,,,,
196,BRPMW,,SE0002016352,,,,
197,BRSC,,FR0004034320,,,,
198,BSCM,,US46138J8826,,,,
199,BSCN,,US46138J8669,,,,
200,BSCO,,US46138J8412,,,,
201,BSCP,,US46138J8255,,,,
202,BSCQ,,US46138J7919,,,,
203,BSD,BOURSE DIRECT,JP3799680008,,,,Euronext Paris
204,BSGAR,,FI4000507488,,,,
205,BSJM,,US46138J8743,,,,
206,BSJN,,US46138J8586,,,,
207,BSJO,,US46138J8339,,,,
208,BTEC,,US74255Y4098,,,,
209,BTWNW,,AU000000TTA3,,,,
210,BVI,BUREAU VERITAS,DE0005229504,,,,Euronext Paris
211,BYG,,NO0003087603,,,,
212,CAFO,CAFOM,GB0001615219,,,,Euronext Paris
213,CAMB,CAMPINE,IM00B28CVH58,,,,Euronext Brussels
214,CAMBI,CAMBI,NO0010078850,,,,Euronext Growth Oslo
215,CAP,CAPGEMINI,AU0000XINAS1,,,,Euronext Paris
216,CAPLI,CAPELLI,INE475E01026,,,,Euronext Paris
217,CAPSL,CO2 CAPSOL,DE000A2G9M17,,,,Euronext Growth Oslo
218,CARM,CARMILA,JP3512740006,,,,Euronext Paris
219,CARP,CARPINIENNE PART.,DE000A1MBGZ3,,,,Euronext Paris
220,CARZ,,US33734X3098,,,,
221,CATH,,US37954Y8892,,,,
222,CATR,CATERPILLAR INC,FR0000064446,,,,Euronext Paris
223,CBOT,CBO TERRITORIA,FR0010193979,,,,Euronext Paris
224,CCC,,PLCCC0000016,,,,
225,CCH,,SG2B96959558,,,,
226,CCN,CRCAM NORM.SEINE,FR0000044364,,,,Euronext Paris
227,CCR,,FR0000045346,,,,
228,CDA,ALPES (COMPAGNIE),FR0000053324,,,,Euronext Paris
229,CDC,,US92647N8240,,,,
230,CENER,CENERGY,BE0974303357,,,,Euronext Brussels
231,CFA,,US92647N7663,,,,
232,CFO,,US92647N7820,,,,
233,CGG,CGG,FR0013181864,,,,Euronext Paris
234,CHRY,,AU000000PIL1,,,,
235,CIBR,,US33734X8469,,,,
236,CIL,,US92647N8406,,,,
237,CIRCA,CIRCA GROUP,NO0010917594,,,,Euronext Growth Oslo
238,CIV,CRCAM ILLE-VIL.CCI,FR0000045213,,,,Euronext Paris
239,CIZ,,US92647N8166,,,,
240,CLA,CLARANOVA,FR0013426004,,,,Euronext Paris
241,CLEX,CUMULEX,DE000A1EWXA4,,,,Euronext Brussels
242,CMAXW,,GB00BNLPYF73,,,,
243,CMCAU,,KYG1889L1187,,,,
244,CMCX,,JP3347170007,,,,
245,CMO,CRCAM MORBIHAN CCI,GB00BMB5Y385,,,,Euronext Paris
246,CNCR,,US26922A8264,,,,
247,CNGLU,,US13767K2006,,,,
248,COA,,DE000A0WMJQ4,,,,
249,COFA,COFACE,FR0010667147,,,,Euronext Paris
250,COLR,COLRUYT,COD02PA00018,,,,Euronext Brussels
251,COM,CNIM GROUP,US25460E3071,,,,Euronext Paris
252,COV,COVIVIO,FR0000064578,,,,Euronext Paris
253,COX,NICOX,FR0013018124,,,,Euronext Paris
254,CPI,,US45409B6020,,,,
255,CRAP,CRCAM ALP.PROV.CCI,CA22459L1031,,,,Euronext Paris
256,CRAV,CRCAM ATL.VEND.CCI,INE145E01017,,,,Euronext Paris
257,CRBN,CORBION,US46434V4648,,,,Euronext Amsterdam
258,CRG,CRH PLC ord,IE0001827041,,,,Euronext Dublin
259,CROS,CROSSWOOD,FR0000050395,,,,Euronext Paris
260,CSA,,US92647N8323,,,,
261,CSAM,CSAM HEALTH GROUP,NO0010894512,,,,Euronext Growth Oslo
262,CSB,,US92647N8737,,,,
263,CSF,,US92647N7747,,,,
264,CSS,CLEAN SEAS SEAFOOD,JP3425500000,,,,Euronext Growth Oslo
265,CSSEN,,PLENTER00017,,,,
266,CTAC,CTAC,NL0000345577,,,,Euronext Amsterdam
267,CTAQW,,FI4000507488,,,,
268,CUR,AGUAS DA CURIA,JP3220900009,,,,Euronext Access Lisbon
269,CV,ZCI LIMITED,FR0000079634,,,,Euronext Paris
270,CXSE,,US97717X7194,,,,
271,CYVIZ,CYVIZ,NO0010015175,,,,Euronext Growth Oslo
272,DARK,,INE830S01014,,,,
273,DAX,,US37954Y4917,,,,
274,DBG,DERICHEBOURG,FR0000053381,,,,Euronext Paris
275,DBV,DBV TECHNOLOGIES,US46139B1026,,,,Euronext Paris
276,DCC,,INE132E01015,,,,
277,DEC,,INE132E01015,,,,
278,DEE,DEE TECH SHARES,US25154H4838,,,,Euronext Paris
279,DGB,DGB GROUP N.V.,KR7139130009,,,,Euronext Amsterdam
280,DGE,DIAGEO,GB0002374006,,,,Euronext Paris
281,DGM,DIAGNOSTIC MEDICAL,INE498A01018,,,,Euronext Paris
282,DGRE,,US97717W3236,,,,
283,DGRS,,US97717X6519,,,,
284,DGRW,,US97717X6691,,,,
285,DHG,DALATA HOTEL GP.,IE00BJMZDW83,,,,Euronext Dublin
286,DIE,D'IETEREN GROUP,JP3817400009,,,,Euronext Brussels
287,DIEG,DIEGEM KENNEDYCERT,DE0005580005,,,,Euronext Brussels
288,DIM,SARTORIUS STED BIO,US97717W7781,,,,Euronext Paris
289,DISL,DISTRI-LAND CERT,KR7034220004,,,,Euronext Brussels
290,DLE,DATALEX PLC,JP3548760002,,,,Euronext Growth Dublin
291,DLG,,JP3548760002,,,,
292,DLN,,US97717W3079,,,,
293,DPA,DPA GROUP,NL0009197771,,,,Euronext Amsterdam
294,DRX,,JP3282750003,,,,
295,DSY,DASSAULT SYSTEMES,FR0014003TT8,,,,Euronext Paris
296,DSY.PA,,FR0000033243,,,,
297,DUNEW,,KYG3166N1060,,,,
298,DVY,,US4642871689,,,,
299,DWAS,,US46138E8425,,,,
300,DWAT,,US0427657921,,,,
301,DXGE,,US97717W4481,,,,
302,DXJS,,US97717W5215,,,,
303,EAM,EAM SOLAR,NO0010607781,,,,Euronext Expand Oslo
304,EBOX,,NET000EVBOX7,,,,
305,EBUS,EBUSCO HOLDING,NL0015000CZ2,,,,Euronext Amsterdam
306,ECIT,ECIT AS B-AKSJER,NO0010939804,,,,Euronext Growth Oslo
307,ECO,ECOONLINE HOLDING,NO0010936891,,,,Euronext Growth Oslo
308,ECONB,ECONOCOM GROUP,JP3755800004,,,,Euronext Brussels
309,ECT,EUROCASTLE INVEST.,SE0015987714,,,,Euronext Amsterdam
310,EDPR,EDP RENOVAVEIS,IT0001477402,,,,Euronext Lisbon
311,EDTXW,,JP3533300004,,,,
312,EDV,,US9219107094,,,,
313,EEM,ELECT. MADAGASCAR,US4642872349,,,,Euronext Paris
314,EEMA,,US4642864262,,,,
315,EFAS,,US37954Y6995,,,,
316,EFI,EURASIA FONC INV,CA28203E1051,,,,Euronext Paris
317,EFUEL,EVERFUEL,FR0014001PM5,,,,Euronext Growth Oslo
318,EGL,MOTA ENGIL,PTMEN0AE0005,,,,Euronext Lisbon
319,EIFF,TOUR EIFFEL,FR0000036816,,,,Euronext Paris
320,EKI,EKINOPS,CH0011607683,,,,Euronext Paris
321,EKOP,EKOPAK,BE0974380124,,,,Euronext Brussels
322,ELABS,ELLIPTIC LABORATOR,DE000A1YDGT7,,,,Euronext Growth Oslo
323,ELIOR,ELIOR GROUP,PLALIOR00045,,,,Euronext Paris
324,ELIS,ELIS,FR0012435121,,,,Euronext Paris
325,ELM,,CH0005319162,,,,
326,ELOP,ELOP,NO0010864036,,,,Euronext Growth Oslo
327,EMB,,US4642882819,,,,
328,EMCB,,US97717X7848,,,,
329,EMXC,,FR0014004339,,,,
330,ENCP,,JP3435700004,,,,
331,ENCPU,,KYG304491130,,,,
332,ENGI,ENGIE,FR0013215407,,,,Euronext Paris
333,ENNVW,,AU0000067514,,,,
334,ENOG,,FR0014004974,,,,
335,ENT,,NET000ENTRA9,,,,
336,ENTPA,ENTP ORD SHARES,NET000ENTRA9,,,,Euronext Amsterdam
337,ENVIP,ENVIPCO HOLDING,JP3169750001,,,,Euronext Growth Oslo
338,ENVIW,,ROIMPCACNOR0,,,,
339,ENXP,EURONEXT,NL0006294274,,,,Euronext Lisbon
340,ENZL,,US4642891232,,,,
341,EO,FAURECIA,SE0007075056,,,,Euronext Paris
342,ERA,ERAMET,EGS3C151C015,,,,Euronext Paris
343,ERESW,,AU000000EER1,,,,
344,ESG,ESG CORE INVEST,US33939L6965,,,,Euronext Amsterdam
345,ESGD,,US46435G5163,,,,
346,ESGE,,US46434G8630,,,,
347,ESGT,ESG CORE TREAS SHA,COD08PA00015,,,,Euronext Amsterdam
348,ESGU,,US46435G4257,,,,
349,ESON,ESTORIL SOL N,PTESO0AM0000,,,,Euronext Lisbon
350,ETL,EUTELSAT COMMUNIC.,US29760G1031,,,,Euronext Paris
351,EUCAR,EUROPCAR MOBILITY,INE472M01018,,,,Euronext Paris
352,EUFN,,US4642891802,,,,
353,EUR,EURO RESSOURCES,FR0000054678,,,,Euronext Paris
354,EURS,FONCIERE EURIS,FR0000061475,,,,Euronext Paris
355,EVGBC,,INE554H01021,,,,
356,EVS,EVS BROADC.EQUIPM.,BE0003820371,,,,Euronext Brussels
357,EVSTC,,US27830G6089,,,,
358,EWI,,US46434G8309,,,,
359,EWZS,,US4642891315,,,,
360,EXPN,,FR0004177046,,,,
361,EZJ,,US74347X7084,,,,
362,FAAR,,US33740Y1010,,,,
363,FAB,,US33733C1080,,,,
364,FAD,,US33733F1012,,,,
365,FAGR,FAGRON,SE0010048884,,,,Euronext Brussels
366,FALN,,US46435G4745,,,,
367,FAN,,US33736G1067,,,,
368,FATL,FONCIERE ATLAND,DE0005939615,,,,Euronext Paris
369,FAUV,FAUVET GIREL,FR0000063034,,,,Euronext Paris
370,FAYE,FAYENC.SARREGUEMI.,BG11FASIAT18,,,,Euronext Paris
371,FBZ,,US33737J1337,,,,
372,FCA,,US33737J1410,,,,
373,FCEF,,US33740F4090,,,,
374,FCMC,FERM.CAS.MUN.CANNE,FR0000062101,,,,Euronext Paris
375,FCP,FUT.CLUBE PORTO,PTFCP0AM0008,,,,Euronext Lisbon
376,FCVT,,US33739Q5071,,,,
377,FDIV,,US33739Q3092,,,,
378,FDM,,US33718M1053,,,,
379,FDT,,US33737J1741,,,,
380,FDTS,,CA04315L7097,,,,
381,FEM,,US33737J1824,,,,
382,FEP,,US33737J1170,,,,
383,FEUZ,,US33737J5056,,,,
384,FEX,,US33734K1097,,,,
385,FEXD,,JP3802830004,,,,
386,FEXDR,,JP3802830004,,,,
387,FEXDU,,US3181362076,,,,
388,FFIEW,,IT0005023038,,,,
389,FGA,FIGEAC AERO,CNE1000025D1,,,,Euronext Paris
390,FGM,,US33737J1907,,,,
391,FGP,,INE512A01016,,,,
392,FGR,EIFFAGE,EGS385S1C012,,,,Euronext Paris
393,FGT,,JP3166940001,,,,
394,FII,LISI,IT0001498481,,,,Euronext Paris
395,FINMW,,BG1100006979,,,,
396,FINX,,US37954Y8140,,,,
397,FIPP,FIPP,FR0000038184,,,,Euronext Paris
398,FIXD,,US33740F8059,,,,
399,FJP,,US33737J1584,,,,
400,FLACW,,INE563J01010,,,,
401,FLEXD,FLEXDEAL,PTFXD0AM0018,,,,Euronext Lisbon
402,FLN,,US33737J1253,,,,
403,FLOB,FLORIDIENNE,JP3829300007,,,,Euronext Brussels
404,FLTR,FLUTTER ENTERTAIN,US92189F4862,,,,Euronext Dublin
405,FLY,FONCIERE LYONNAISE,JP3549370009,,,,Euronext Paris
406,FLYR,FLYR,NO0010931900,,,,Euronext Growth Oslo
407,FMB,,US33739N1081,,,,
408,FNAC,FNAC DARTY,CA0324721020,,,,Euronext Paris
409,FNK,,US33737M2017,,,,
410,FNX,,US33735B1089,,,,
411,FNY,,US33737M1027,,,,
412,FORSE,FORSEE POWER,FR0014005SB3,,,,Euronext Paris
413,FOU,FOUNTAIN,BE0003752665,,,,Euronext Brussels
414,FOXWW,,INE735G01010,,,,
415,FPA,,US33737J1097,,,,
416,FPG,UNION TECH.INFOR.,INE512A01016,,,,Euronext Paris
417,FPXI,,US33734X8535,,,,
418,FRAS,,INE184Q01010,,,,
419,FSSIW,,AU0000064552,,,,
420,FSZ,,US33737J2327,,,,
421,FTA,,US33735J1016,,,,
422,FTAG,,US33734X8121,,,,
423,FTC,,US33735K1088,,,,
424,FTCS,,US33733E1047,,,,
425,FTGC,,US33739H1014,,,,
426,FTHI,,US33738R3084,,,,
427,FTLB,,US33738R4074,,,,
428,FTRI,,US33734X8386,,,,
429,FTSL,,US33738D3098,,,,
430,FTSM,,US33739Q4082,,,,
431,FTXD,,US33738R8299,,,,
432,FTXG,,US33738R8521,,,,
433,FTXH,,US33738R8372,,,,
434,FTXL,,US33738R8117,,,,
435,FTXN,,US33738R8455,,,,
436,FTXO,,US33738R8604,,,,
437,FTXR,,US33738R7952,,,,
438,FV,,US33738R6053,,,,
439,FVC,,US33738R8786,,,,
440,FYC,,US33737M3007,,,,
441,FYT,,US33737M4096,,,,
442,FYX,,US33734Y1091,,,,
443,GABC,,US3738651047,,,,
444,GALP,GALP ENERGIA-NOM,NET000GALD01,,,,Euronext Lisbon
445,GAW,,INE076D01016,,,,
446,GBLB,GBL,INE791A01024,,,,Euronext Brussels
447,GEM,GREEN MINERALS,US3814302069,,,,Euronext Growth Oslo
448,GEN,,AT0000824701,,,,
449,GENK,GENK LOGIST. CERT,BE0003740546,,,,Euronext Brussels
450,GENY,,US74255Y5087,,,,
451,GFC,GECINA,DE0005800601,,,,Euronext Paris
452,GID,EGIDE,FR0000072373,,,,Euronext Paris
453,GIMB,GIMV,BE0003699130,,,,Euronext Brussels
454,GLDI,,US22542D4806,,,,
455,GLEN,,AU000000GC18,,,,
456,GLINT,GLINTT,PTPAD0AM0007,,,,Euronext Lisbon
457,GLSPT,,KYG3934K1031,,,,
458,GMBTW,,KYG7315B1115,,,,
459,GNC,,US36191G1076,,,,
460,GNMA,,US46429B3336,,,,
461,GNP,GNP ENERGY,NO0010886013,,,,Euronext Growth Oslo
462,GOE,GROUPE GORGE,INE516K01024,,,,Euronext Paris
463,GOODO,,US3765368846,,,,
464,GPA,IMOB.C GRAO PARA,FR0000053415,,,,Euronext Lisbon
465,GPACW,,CA7019051019,,,,
466,GPCOR,,EGS32161C019,,,,
467,GPE,GPE GROUP PIZZORNO,FR0010214064,,,,Euronext Paris
468,GREEL,,RU000A0JNMZ0,,,,
469,GREEN,GREENYARD,JE00BYTQ7945,,,,Euronext Brussels
470,GREV,MUSEE GREVIN,FR0000037970,,,,Euronext Paris
471,GRG,,CH0000UGG123,,,,
472,GRID,,US33737A1088,,,,
473,GRW,MOLTEN VENTURES,GB00BY7QYJ50,,,,Euronext Dublin
474,GTT,GTT,IT0001029492,,,,Euronext Paris
475,GV,GENOMIC VISION,IT0005411209,,,,Euronext Paris
476,GVR,GLENVEAGH PROP.PLC,DE000A0Z26C8,,,,Euronext Dublin
477,HAACW,,SA121053VV10,,,,
478,HAMO,HAMON,BE0974352842,,,,Euronext Brussels
479,HAV,HAV GROUP,NO0010931918,,,,Euronext Growth Oslo
480,HCICW,,EGS69261C013,,,,
481,HCIIW,,AU000000HGL2,,,,
482,HDF,HDF,INE040A01034,,,,Euronext Paris
483,HDG,HUNTER DOUGLAS,US74347X2945,,,,Euronext Amsterdam
484,HDP,HOTELS DE PARIS,FR0004165801,,,,Euronext Paris
485,HEGA,HEDOSOPHIA ORD SHA,DE000A3E5ED2,,,,Euronext Amsterdam
486,HEIA,HEINEKEN,JP3834050001,,,,Euronext Amsterdam
487,HEIJM,HEIJMANS,SE0015949037,,,,Euronext Amsterdam
488,HEWG,,US46434V7047,,,,
489,HEXA,HEXAOM,INE750M01017,,,,Euronext Paris
490,HHGCR,,CA42970W1077,,,,
491,HICL,,AU000000HIL8,,,,
492,HIK,,INE475B01022,,,,
493,HLAHW,,AU000000GPS0,,,,
494,HLMA,,DE0005297204,,,,
495,HMSO,,JP3846000002,,,,
496,HO,THALES,SG1H41875896,,,,Euronext Paris
497,HOLCO,HOLLAND COLOURS,LB0000012833,,,,Euronext Amsterdam
498,HOLN,Holcim Ltd,SG2D92977651,,,,Euronext Paris
499,HOP,HOPSCOTCH GROUPE,BMG4600H1198,,,,Euronext Paris
500,HOVNP,,US4424871121,,,,
501,HSBA,,MT0000030107,,,,
502,HSL,,ARDEUT112257,,,,
503,HSV,,NET0000HSE01,,,,
504,HSW,HOSTELWORLD GROUP,NET0000HSE01,,,,Euronext Dublin
505,HUDL,HUDDLESTOCK FINTEC,NO0010859648,,,,Euronext Growth Oslo
506,HUNT,HUNTER GROUP,GG00BLGZJW08,,,,Euronext Expand Oslo
507,HYDRA,HYDRATEC,FR0000064735,,,,Euronext Amsterdam
508,HYLS,,US33738D4088,,,,
509,HYMCZ,,GB0001012045,,,,
510,HYN,HYNION,NO0010920945,,,,Euronext Growth Oslo
511,HYPE3,,JP3765220003,,,,
512,HYPRO,HYDROGENPRO,CS0005049758,,,,Euronext Growth Oslo
513,HYZD,,US97717W4309,,,,
514,I2PO,I2PO SHARES,FR0014004J15,,,,Euronext Paris
515,IAM,MAROC TELECOM,MA0000011488,,,,Euronext Paris
516,IBAB,IBA,CH0129442221,,,,Euronext Brussels
517,IBB,,US4642875565,,,,
518,IBST,,NET000INST24,,,,
519,ICLN,,US4642882249,,,,
520,IDL,ID LOGISTICS GROUP,FR0000079691,,,,Euronext Paris
521,IDLB,,US46138E7682,,,,
522,IEF,,US4642874402,,,,
523,IEI,,US4642886612,,,,
524,IEM,,GG00BTDYD136,,,,
525,IEUS,,US4642884971,,,,
526,IGE,IGE + XAO,US4642873743,,,,Euronext Paris
527,IGF,,US4642883726,,,,
528,IGG,,SE0006091476,,,,
529,IGICW,,KR7000370007,,,,
530,IGOV,,US4642881175,,,,
531,IHYF,,FR0000054231,,,,
532,IJT,,US4642878874,,,,
533,IMAQR,,INE416L01017,,,,
534,IMCD,IMCD,DE000A2TSS58,,,,Euronext Amsterdam
535,IMCV,,JP3922100007,,,,
536,IMI,,AU0000054942,,,,
537,IMMO,IMMOBEL,BE0003893139,,,,Euronext Brussels
538,IMMOP,IMMOPOOL,AT0000A21KS2,,,,Euronext Expert Market
539,IMTXW,,NL0000440477,,,,
540,INA,INAPA-INV.P.GESTAO,JP3146300003,,,,Euronext Lisbon
541,INCLU,INCLUSIO SA/NV,BE0974374069,,,,Euronext Brussels
542,INDV,,INE684U01011,,,,
543,INDY,,US4642895290,,,,
544,INEA,FONCIERE INEA,FR0010341032,,,,Euronext Paris
545,INF,,JP3153850007,,,,
546,INFE,INDLE FIN.ENTREPR.,FR0000066219,,,,Euronext Paris
547,INFR,,US52468L7038,,,,
548,INGA,ING GROEP N.V.,NL0011821202,,,,Euronext Amsterdam
549,INSTA,INSTABANK,NET000INST24,,,,Euronext Growth Oslo
550,INTER,INTERTRUST,RU000A0JPNM1,,,,Euronext Amsterdam
551,INVP,,PTINA0AP0008,,,,
552,IPH,INNATE PHARMA,GB0009737155,,,,Euronext Paris
553,IPKW,,US46138E6445,,,,
554,IPN,IPSEN,US78463X6739,,,,Euronext Paris
555,IPO,,US7599372049,,,,
556,IRD,GROUPE IRD,JP3105190007,,,,Euronext Paris
557,IRES,IRISH RES. PROP.,AU000000IRE2,,,,Euronext Dublin
558,ISHG,,US4642881258,,,,
559,ISLEW,,GB00BNLPYF73,,,,
560,ISTB,,US46432F8591,,,,
561,ITRK,,JP3144600008,,,,
562,ITV,,JP3048770006,,,,
563,IUSB,,US46434V6130,,,,
564,IUSG,,US4642876712,,,,
565,IUSV,,US4642876639,,,,
566,IWG,,AU000000NET8,,,,
567,IWS,INTEGRATED WIND SO,US4642874733,,,,Euronext Growth Oslo
568,IXUS,,US46432F8344,,,,
569,JAM,,AU000000JAL1,,,,
570,JD.,,NET0000JDD12,,,,
571,JDEP,JDE PEET'S,GB00B0WY3Y47,,,,Euronext Amsterdam
572,JDW,,DE000A0B9N37,,,,
573,JEO,,CNE1000013C9,,,,
574,JESC,,JP3386570000,,,,
575,JFJ,,KR7089590004,,,,
576,JSMD,,US47103U2096,,,,
577,JSML,,US47103U1007,,,,
578,JTC,,JP3386260008,,,,
579,JUP,,AU000000JPR6,,,,
580,JWAC,,AU000000JPR6,,,,
581,JWACR,,AU000000JPR6,,,,
582,KBC,KBC,BE0003867844,,,,Euronext Brussels
583,KBWB,,US46138E6288,,,,
584,KBWD,,US46138E6106,,,,
585,KBWP,,US46138E5868,,,,
586,KBWR,,US46138E5785,,,,
587,KBWY,,US46138E5942,,,,
588,KENDR,KENDRION,NL0000852531,,,,Euronext Amsterdam
589,KER,KERING,FR0013156007,,,,Euronext Paris
590,KEYW,KEYWARE TECH.,BE0003880979,,,,Euronext Brussels
591,KGF,,DE0005706501,,,,
592,KIN,KINEPOLIS GROUP,AU000000KIN8,,,,Euronext Brussels
593,KING,THE KINGFISH COMP,NL00150001S5,,,,Euronext Growth Oslo
594,KLAQW,,CA48345H1055,,,,
595,KOR,,CA2210131058,,,,
596,KORI,KORIAN,SG2F40988253,,,,Euronext Paris
597,KPN,KPN KON,AU000000DCG0,,,,Euronext Amsterdam
598,KRAB,KRAFT BANK,US001KRAKE01,,,,Euronext Growth Oslo
599,KRMA,,US37954Y7316,,,,
600,KYOTO,KYOTO GROUP,JP3250400003,,,,Euronext Growth Oslo
601,LACR,LACROIX GROUP,FR0000066607,,,,Euronext Paris
602,LAT,LATECOERE,LV0000100741,,,,Euronext Paris
603,LBPSW,,GB00BSVYN304,,,,
604,LEBL,FONCIERE 7 INVEST,FR0000121295,,,,Euronext Paris
605,LFACU,,US50202D2018,,,,
606,LGEN,,JP3282850001,,,,
607,LIG,LISGRAFICA,KR7079550000,,,,Euronext Lisbon
608,LIGHT,SIGNIFY NV,INE835U01019,,,,Euronext Amsterdam
609,LIO,,SG1BD6000002,,,,
610,LIT,LITHO FORMAS,US37954Y8553,,,,Euronext Access Lisbon
611,LLOY,,INE281B01032,,,,
612,LMAOW,,CA09000L1040,,,,
613,LMBS,,US33739Q2003,,,,
614,LMP,,GB00B12MHD28,,,,
615,LOCAL,SOLOCAL GROUP,GB00B1VS7G47,,,,Euronext Paris
616,LOVE,,US54738L1098,,,,
617,LPCN,,US53630X1046,,,,
618,LPE,LAURENT-PERRIER,CH0039074692,,,,Euronext Paris
619,LR,LEGRAND,JP3823400001,,,,Euronext Paris
620,LSEG,,NET000L3G3N3,,,,
621,LTA,ALTAMIR,SG1I47882655,,,,Euronext Paris
622,LUMI,LUMI GRUPPEN,NO0010927288,,,,Euronext Growth Oslo
623,LUXAW,,INE150G01020,,,,
624,LVHD,,US52468L4068,,,,
625,LXI,,AU000000AXI8,,,,
626,LYS,LYSOGENE,INE142K01011,,,,Euronext Paris
627,LYTIX,LYTIX BIOPHARMA,NO0010405780,,,,Euronext Growth Oslo
628,MAAQU,,US56168P2039,,,,
629,MAAT,MAAT PHARMA,FR0012634822,,,,Euronext Paris
630,MAB,,DE000A2YPJN6,,,,
631,MAJ,MAJOREL GROUP LUX,LU2382956378,,,,Euronext Amsterdam
632,MALT,MALTERIES FCO-BEL.,FR0000030074,,,,Euronext Paris
633,MAREL,MAREL,DE000A0H1GY2,,,,Euronext Amsterdam
634,MAU,MAUREL ET PROM,INE150D01019,,,,Euronext Paris
635,MBB,,US4642885887,,,,
636,MBWS,MBWS,FR0000060873,,,,Euronext Paris
637,MCC,IMMO MCC,GB00BJ3VW957,,,,Euronext Brussels
638,MCEF,,US33740F5089,,,,
639,MCHI,,US46429B6719,,,,
640,MCP,MEDIA CAPITAL,CA25537Y2033,,,,Euronext Lisbon
641,MCPHY,MCPHY ENERGY,AU000000MCP2,,,,Euronext Paris
642,MCRO,,US45409B2060,,,,
643,MDIV,,US33738R1005,,,,
644,MDM,MAISONS DU MONDE,FR0013153541,,,,Euronext Paris
645,MEDCL,MEDINCELL,SE0009160872,,,,Euronext Paris
646,MELE,MELEXIS,JP3921080002,,,,Euronext Brussels
647,MERY,MERCIALYS,PLMRCOR00016,,,,Euronext Paris
648,METXW,,DE000A0N3EU3,,,,
649,MIKO,MIKO,BE0003731453,,,,Euronext Brussels
650,MIO,MINCON GROUP PLC,IE00BD64C665,,,,Euronext Growth Dublin
651,MITRA,MITHRA,ID1000118607,,,,Euronext Brussels
652,MKS,,CA65685J1030,,,,
653,MLACW,,FR0010717579,,,,
654,MLAUD,AUDIENCE LABS,FR0011896463,,,,Euronext Access Paris
655,MLAZL,AZ LEASING,IT0004812258,,,,Euronext Access Paris
656,MLBAR,BARINGS CORE SPAIN,ES0105362000,,,,Euronext Access Paris
657,MLBAT,BATLA MINERALS,FR0010436170,,,,Euronext Access Paris
658,MLC,MALIN CORP. PLC,GB00BJ3VW957,,,,Euronext Growth Dublin
659,MLCAC,LOMBARD ET MEDOT,FR0006205019,,,,Euronext Access Paris
660,MLEVE,EVERSET,RU000A0JT7Y2,,,,Euronext Access Paris
661,MLHPE,HOPENING,FR0010312181,,,,Euronext Access Paris
662,MLPRX,PARX MATERIALS NV,US00143K3352,,,,Euronext Access Paris
663,MLTRO,TROC ILE,DE000BFB0027,,,,Euronext Access Paris
664,MMB,LAGARDERE SA,AU000000IMS3,,,,Euronext Paris
665,MNDI,,IT0001469383,,,,
666,MONC,MONCEY (FIN.) NOM.,IT0001469383,,,,Euronext Paris
667,MONCW,,NET000CRCL01,,,,
668,MONT,MONTEA,BE0003853703,,,,Euronext Brussels
669,MONY,,US46429B2593,,,,
670,MOP,MOPOLI,NL0000488153,,,,Euronext Brussels
671,MOUR,MOURY CONSTRUCT,BE0003602134,,,,Euronext Brussels
672,MPACR,,FI4000507488,,,,
673,MRL,MERLIN PROPERTIES,ES0105025003,,,,Euronext Lisbon
674,MTACW,,KYG3166N1060,,,,
675,MTO,,KR7009680000,,,,
676,MTU,MANITOU BF,FR0000038606,,,,Euronext Paris
677,MUN,MICROPOLE,SG2C34962861,,,,Euronext Paris
678,NAACW,,CA65389P1080,,,,
679,NACON,NACON,FR0013482791,,,,Euronext Paris
680,NAI,NAI ORD SHARES,JP3640800003,,,,Euronext Amsterdam
681,NAVYA,NAVYA,NO0010708605,,,,Euronext Paris
682,NBX,NORWEGIAN BLOCK EX,INE095N01031,,,,Euronext Growth Oslo
683,NCOD,NORCOD,SE0011563410,,,,Euronext Growth Oslo
684,NEDAP,NEDAP,PLYLWHT00012,,,,Euronext Amsterdam
685,NEDSE,MKB Nedsense,NL0009312842,,,,Euronext Amsterdam
686,NEOEN,NEOEN,KR7002350007,,,,Euronext Paris
687,NEWAY,NEWAYS ELECTRONICS,CNE100001SJ6,,,,Euronext Amsterdam
688,NEXTA,NEXTENSA,JP3758210003,,,,Euronext Brussels
689,NEXTS,NEXTSTAGE,FR0012789386,,,,Euronext Paris
690,NFTY,,US4540891037,,,,
691,NG.,,JO3127011018,,,,
692,NK,IMERYS,JP3691400000,,,,Euronext Paris
693,NOKIA,NOKIA,ARDEUT110533,,,,Euronext Paris
694,NORDH,NORDHEALTH A-AKSJE,NO0011002651,,,,Euronext Growth Oslo
695,NORSE,NORSE ATLANTIC,NO0010861115,,,,Euronext Growth Oslo
696,NORTH,NORTH ENERGY,SE0005504669,,,,Euronext Expand Oslo
697,NOS,"NOS, SGPS",GB00BZ76F335,,,,Euronext Lisbon
698,NR21,NR21,FR0014001PV6,,,,Euronext Paris
699,NRACW,,FR0004170017,,,,
700,NSE,NEW SOURCES ENERGY,NL0009822014,,,,Euronext Amsterdam
701,NSOL,NORSK SOLAR,NO0010941925,,,,Euronext Growth Oslo
702,NTEL,NORTEL,NO0010900087,,,,Euronext Growth Oslo
703,NTI,NORSK TITANIUM,INE871D04089,,,,Euronext Growth Oslo
704,NXI,NEXITY,FR0013447026,,,,Euronext Paris
705,NXT,,US98951C1062,,,,
706,NXTG,,JO2103411010,,,,
707,NYR,NYRSTAR,BE0974294267,,,,Euronext Brussels
708,OBEL,ORANGE BELGIUM,CH0001671707,,,,Euronext Brussels
709,OCDO,,GB0034202076,,,,
710,OCI,OCI,KR7010060002,,,,Euronext Amsterdam
711,ODET,COMPAGNIE ODET,BG11KOVABT17,,,,Euronext Paris
712,ODYSY,ODYSSEY ORD SHARES,AU000000ODY8,,,,Euronext Amsterdam
713,OEPWW,,NET000MOTEL1,,,,
714,OIZ,ORIGIN ENT. PLC,JP3170100006,,,,Euronext Growth Dublin
715,OLITU,,US68218C2070,,,,
716,OMCL,,US68213N1090,,,,
717,ONEQ,,US3159128087,,,,
718,ONTEX,ONTEX GROUP,FR0000064958,,,,Euronext Brussels
719,OPINL,,CA1129006831,,,,
720,OPN,GROUPE OPEN,FR0004050300,,,,Euronext Paris
721,ORAP,ORAPI,FR0000075392,,,,Euronext Paris
722,ORDI,ORDINA,NL0000440584,,,,Euronext Amsterdam
723,ORE,OREY ANTUNES ESC.,AU000XINAAR8,,,,Euronext Lisbon
724,OREGE,OREGE,FR0010609206,,,,Euronext Paris
725,ORP,ORPEA,FR0000075392,,,,Euronext Paris
726,OSB,,GB00BLDRH360,,,,
727,OSE,OSE IMMUNO,AU0000053324,,,,Euronext Paris
728,OSTRW,,INE735G01010,,,,
729,OTOVO,OTOVO,NO0010809783,,,,Euronext Growth Oslo
730,OVH,OVH,NET000OVI444,,,,Euronext Paris
731,OXB,,INE063E01046,,,,
732,OXIG,,INE063E01046,,,,
733,PABSA,PARROT BSA 1,FR0000038465,,,,Euronext Paris
734,PACE,PEGASUS ORD SHARES,FR0000077992,,,,Euronext Amsterdam
735,PAEWW,,KR7005800008,,,,
736,PARP,GROUPE PARTOUCHE,CA5441781062,,,,Euronext Paris
737,PARRO,PARROT,INE126A01031,,,,Euronext Paris
738,PAT,PATRIMOINE ET COMM,IN9529D01012,,,,Euronext Paris
739,PDP,,US46137V8375,,,,
740,PEACE,PEGASUS ENTREP SHA,CNE100002GV4,,,,Euronext Amsterdam
741,PERR,PERRIER (GERARD),FR0000061459,,,,Euronext Paris
742,PEUG,PEUGEOT INVEST,JP3104830009,,,,Euronext Paris
743,PEY,,US46137V5637,,,,
744,PEZ,,US46137V8037,,,,
745,PFDRW,,AU0000104580,,,,
746,PFF,,US4642886877,,,,
747,PFI,,US46137V8607,,,,
748,PFM,,US46137V5066,,,,
749,PGJ,,US46137V5710,,,,
750,PHA,PHARMAGEST INTER.,FR0012882389,,,,Euronext Paris
751,PHARM,PHARMING GROUP,KR7249420001,,,,Euronext Amsterdam
752,PHIA,PHILIPS KON,JO4121911013,,,,Euronext Amsterdam
753,PHICW,,INE029L01018,,,,
754,PHO,,US46137V1420,,,,
755,PIC,PICANOL,US73935X6417,,,,Euronext Brussels
756,PID,,US46137V5488,,,,
757,PIE,,US46138E8672,,,,
758,PIG,HAULOTTE GROUP,JP3747000002,,,,Euronext Paris
759,PIN,,US46137R1095,,,,
760,PIO,,US46138E6510,,,,
761,PIZ,,US46138E8755,,,,
762,PKW,,US46137V3087,,,,
763,PLW,,US46138E1073,,,,
764,PNL,,SG1R37924805,,,,
765,PNQI,,US46137V5306,,,,
766,POWRW,,DE000A2AA5A0,,,,
767,POXEL,POXEL,PLVOXEL00014,,,,Euronext Paris
768,PPH,,US92189F6925,,,,
769,PRC,ARTMARKET COM,FR0000074783,,,,Euronext Paris
770,PREVA,VALUE8 CUM PREF,SE0000356008,,,,Euronext Amsterdam
771,PRFZ,,US46137V5975,,,,
772,PRN,,US46137V8458,,,,
773,PROAC,PROACTIS SA,SE0015961222,,,,Euronext Paris
774,PROBS,PROLOGUE BSA 2017,AU000000PBP7,,,,Euronext Growth Paris
775,PROL,PROLOGUE,FR0010380626,,,,Euronext Paris
776,PROXI,PROXIMAR SEAFOOD,NO0010893902,,,,Euronext Growth Oslo
777,PSAGW,,IT0005023038,,,,
778,PSC,,US74255Y6077,,,,
779,PSCC,,US46138E1727,,,,
780,PSCD,,US46138E1800,,,,
781,PSCE,,US46138E1644,,,,
782,PSCF,,US46138E1560,,,,
783,PSCH,,US46138E1495,,,,
784,PSCI,,US46138E1230,,,,
785,PSCM,,US46138G2012,,,,
786,PSCT,,US46138E1156,,,,
787,PSCU,,US46138G4091,,,,
788,PSH,,CA36175A1003,,,,
789,PSL,,US46137V8862,,,,
790,PSON,,KR7005810007,,,,
791,PTF,,US46137V8110,,,,
792,PTH,,US46137V8524,,,,
793,PUB,PUBLICIS GROUPE SA,GB00BYWRS683,,,,Euronext Paris
794,PUI,,US46137V7955,,,,
795,PWG,PRODWAYS,FR0013356755,,,,Euronext Paris
796,PXI,,US46137V8789,,,,
797,PYRUM,PYRUM INNOVATIONS,DE000A2G8ZX8,,,,Euronext Growth Oslo
798,PYZ,,US46137V7047,,,,
799,QABA,,US33736Q1040,,,,
800,QAT,,US46434V7799,,,,
801,QCLN,,US33733E5006,,,,
802,QFG,QUESTFOR GR-PRICAF,EGS69101C011,,,,Euronext Brussels
803,QLT,,US3516805096,,,,
804,QQ,,AU000000QVE7,,,,
805,QQEW,,US3373441050,,,,
806,QQQ,,US46090E1038,,,,
807,QQXT,,US33733E4017,,,,
808,QRF,QRF,BE0974272040,,,,Euronext Brussels
809,QRTEP,,US74915M3088,,,,
810,QUEST,QUESTBACK GROUP,JP3266130008,,,,Euronext Growth Oslo
811,QYLD,,US37954Y4834,,,,
812,QYLG,,NET00XBRIX11,,,,
813,RAL,RALLYE,FR0000060618,,,,Euronext Paris
814,RANA,RANA GRUBER,NO0010907389,,,,Euronext Growth Oslo
815,RAT,,IT0004724107,,,,
816,RBO,ROCHE BOBOIS,FR0013344173,,,,Euronext Paris
817,RBT,ROBERTET,FR0000039091,,,,Euronext Paris
818,RCH,,DE000A1RFMY4,,,,
819,RCLFW,,CA5372261027,,,,
820,RCP,,US06738C8284,,,,
821,RDSA,ROYAL DUTCH SHELLA,JP3967450002,,,,Euronext Amsterdam
822,RDSB,ROYAL DUTCH SHELLB,INE245L01010,,,,Euronext Amsterdam
823,RDVY,,US33738R5063,,,,
824,REDD,,GB00B7TW1V39,,,,
825,REINA,REINET INVESTMENTS,KR7003690005,,,,Euronext Amsterdam
826,REN,RELX,PTREL0AM0008,,,,Euronext Amsterdam
827,RENE,REN,PTREL0AM0008,,,,Euronext Lisbon
828,RENT3,,JP3981850005,,,,
829,RET,RETAIL ESTATES,BE0003720340,,,,Euronext Brussels
830,RFDI,,JO2103411010,,,,
831,RFEM,,US33739P7078,,,,
832,RFEU,,US33739P8068,,,,
833,RING,,US46434G8556,,,,
834,RIVER,RIVER TECH,JP3974550000,,,,Euronext Growth Oslo
835,RMG,,INE655V01019,,,,
836,RMS,HERMES INTL,FR0000052292,,,,Euronext Paris
837,ROCLU,,US77867R2094,,,,
838,ROM,ROMREAL,US74347R6936,,,,Euronext Expand Oslo
839,ROMER,ROMERIKE SPAREBK,BMG763301022,,,,Euronext Growth Oslo
840,ROOD,ROODMICROTEC,NL0000440477,,,,Euronext Amsterdam
841,ROR,,JP3982200002,,,,
842,ROTH,ROTHSCHILD & CO,US71715Y1029,,,,Euronext Paris
843,ROU,ROULARTA,BE0003741551,,,,Euronext Brussels
844,RSW,,US78355W7671,,,,
845,RTH,,US92189F6842,,,,
846,RTO,,INE535D01029,,,,
847,RUI,RUBIS,BG1100084075,,,,Euronext Paris
848,RVPHW,,INE159A01016,,,,
849,RWI,RENEWI,BG1100026076,,,,Euronext Amsterdam
850,RXL,REXEL,US74347R7355,,,,Euronext Paris
851,RYA,RYANAIR HOLD. PLC,RU000A0D9AF5,,,,Euronext Dublin
852,RYTM,,US76243J1051,,,,
853,SABE,SAINT JEAN GROUPE,FR0000060121,,,,Euronext Paris
854,SACI,FIDUCIAL OFF.SOL.,ARLRIC300027,,,,Euronext Paris
855,SAIN,,JP3424980005,,,,
856,SAMS,SAMSE,FR0000060071,,,,Euronext Paris
857,SBMO,SBM OFFSHORE,DE000A3E5CP0,,,,Euronext Amsterdam
858,SBRY,,INE431C01023,,,,
859,SBUX,,US8552441094,,,,
860,SCHD,SCHEERD.V KERCHOVE,US8085247976,,,,Euronext Brussels
861,SCHP,SECHE ENVIRONNEM.,US8085248701,,,,Euronext Paris
862,SCP,SPORTING,PTSCP0AM0001,,,,Euronext Lisbon
863,SCPS,,US8091711015,,,,
864,SCR,SCOR SE,JP3913600007,,,,Euronext Paris
865,SCZ,,US4642882736,,,,
866,SDACW,,INE001A01036,,,,
867,SDP,,US74347B7221,,,,
868,SDR,,AU000000SSM2,,,,
869,SDT,VISIODENT,DE000A3CM708,,,,Euronext Paris
870,SEC,SODITECH,FR0000078321,,,,Euronext Paris
871,SEIT,,JP3722200007,,,,
872,SELER,SELECTIRENTE,FR0004175842,,,,Euronext Paris
873,SEQUA,SEQUANA MEDICAL,BE0974340722,,,,Euronext Brussels
874,SESL,SES IMAGOTAG,INE195F01019,,,,Euronext Paris
875,SGO,SAINT GOBAIN,FR0000125007,,,,Euronext Paris
876,SGRO,SEGRO PLC,GB00B5ZN1N88,,,,Euronext Paris
877,SHB,,CNE100003P17,,,,
878,SHIPZ,,JP3390360000,,,,
879,SHUR,SHURGARD,INE344E01016,,,,Euronext Brussels
880,SHV,,US4642886794,,,,
881,SHY,,US4642874576,,,,
882,SIGHT,GENSIGHT BIOLOGICS,FR0010035816,,,,Euronext Paris
883,SIKRI,SIKRI HOLDING,NO0010881717,,,,Euronext Growth Oslo
884,SIP,SIPEF,AU000000SRI2,,,,Euronext Brussels
885,SK,S.E.B.,FR0000121709,,,,Euronext Paris
886,SKAND,SKANDIA GREENPOWER,NO0010739402,,,,Euronext Growth Oslo
887,SKG,,NO0010861115,,,,
888,SKOR,,US33939L7617,,,,
889,SKYY,,US33734X1928,,,,
890,SLCO,SELCODIS,US84609P1030,,,,Euronext Paris
891,SLCRW,,INE222U01010,,,,
892,SLQD,,US46434V1008,,,,
893,SLVO,,US22542D4491,,,,
894,SMCP,,US26922A8348,,,,
895,SMH,,US92189F6768,,,,
896,SMIN,,US46429B6149,,,,
897,SNLN,,US4301017749,,,,
898,SNRHW,,JP3300950007,,,,
899,SNSR,,US37954Y7803,,,,
900,SOCL,,US37950E4162,,,,
901,SOF,SOFINA,NO0010811961,,,,Euronext Brussels
902,SOG,SOGECLAIR,IT0000076536,,,,Euronext Paris
903,SOLB,SOLVAY,NET000SOLA01,,,,Euronext Brussels
904,SOLV,SOLVAC NOM(RETAIL),BE0003545531,,,,Euronext Brussels
905,SONG,,CNE000000KY5,,,,
906,SOP,SOPRA STERIA GROUP,US74347B6645,,,,Euronext Paris
907,SOXX,,US4642875235,,,,
908,SPA,SPADEL,IT0001447348,,,,Euronext Brussels
909,SPEL,FONCIERE VOLTA,BG1100007126,,,,Euronext Paris
910,SPIE,SPIE,FR0000054371,,,,Euronext Paris
911,SPKAR,,JP3163800000,,,,
912,SQQQ,,US74347G4082,,,,
913,SRET,,US37950E1275,,,,
914,SSAAW,,FI4000507488,,,,
915,SSE,,FR0013459369,,,,
916,STATT,STATT TORSK,NO0010775844,,,,Euronext Growth Oslo
917,STF,STEF,ZAE000123766,,,,Euronext Paris
918,SVS,,SE0014808853,,,,
919,SW,SODEXO,FR0000121220,,,,Euronext Paris
920,SWP,SWORD GROUP,CH0000SWISS7,,,,Euronext Paris
921,SX,CS GROUP.,DE000A0DPRE6,,,,Euronext Paris
922,SXS,,SE0016609499,,,,
923,SYNC,,GG00B8P59C08,,,,
924,SYNT,,JP3180800009,,,,
925,SZZLU,,US83014E2081,,,,
926,TATE,,GB0008754466,,,,
927,TAYN,TAYNINH,FR0000063307,,,,Euronext Paris
928,TBCPW,,CA22821L1040,,,,
929,TBIRD,THUNDERBIRD,NET000BIRD01,,,,Euronext Amsterdam
930,TCO,TESCO PLC,INE480M01011,,,,Euronext Dublin
931,TDIV,,US33738R1187,,,,
932,TECO,TECO 2030,IT0005037210,,,,Euronext Growth Oslo
933,TEKKW,,DE000A2BPK34,,,,
934,TEKNA,TEKNA HOLDING,NO0010951577,,,,Euronext Growth Oslo
935,TERB,TER BEKE,ROTRPLACNOR7,,,,Euronext Brussels
936,TESB,TESSENDERLO,PLTSGS000019,,,,Euronext Brussels
937,TET,TETRYS,JP3545620001,,,,Euronext Expert Market
938,TEXF,TEXAF,INE186R01013,,,,Euronext Brussels
939,TFF,TFF GROUP,GRS316007004,,,,Euronext Paris
940,TFG,TETRAGON FIN GRP,GG00B1RMC548,,,,Euronext Amsterdam
941,TFI,TF1,US78468R7219,,,,Euronext Paris
942,THEP,THERMADOR GROUPE,NET000THEMI0,,,,Euronext Paris
943,TINC,TINC,BE0974282148,,,,Euronext Brussels
944,TIPI,TIPIAK,FR0000066482,,,,Euronext Paris
945,TIRX,,KYG8884K1022,,,,
946,TLGYU,,KYG8656T1177,,,,
947,TLT,,US4642874329,,,,
948,TNG,TRANSGENE,RU000A0ET5A1,,,,Euronext Paris
949,TQQQ,,US74347X8314,,,,
950,TRAN,TRANSITION SHARES,PLTRNSP00013,,,,Euronext Paris
951,TRANW,TRANSITION WARRANT,INE0BIW01023,,,,Euronext Paris
952,TUB,TUBIZE-FIN,DE000A2PXQD4,,,,Euronext Brussels
953,TUR,,US4642867158,,,,
954,TUSA,,US33733E7085,,,,
955,UAE,,US46434V7617,,,,
956,UBI,UBISOFT ENTERTAIN,FR0000054470,,,,Euronext Paris
957,UCB,UCB,JP3157250006,,,,Euronext Brussels
958,UFF,UNION FIN.FRANCE,FR0000034548,,,,Euronext Paris
959,UKW,,US74347R5110,,,,
960,ULE,,US74347W8745,,,,
961,ULVR,,INE481G01011,,,,
962,UMG,UMG,NL0015000IY2,,,,Euronext Amsterdam
963,UNBL,UNIBEL,INE030A01027,,,,Euronext Paris
964,UPG,UNIFIEDPOST GROUP,SG1K55001665,,,,Euronext Brussels
965,UPR,UNIPHAR PLC,IE00BJ5FQX74,,,,Euronext Growth Dublin
966,URW,UNIBAIL-RODAMCO-WE,RU0007661302,,,,Euronext Amsterdam
967,USIG,,AU000000GNG0,,,,
968,USLB,,US46138E4127,,,,
969,V,,US92826C8394,,,,
970,VAF,VAA VISTA ALEGRE,NL0010661864,,,,Euronext Lisbon
971,VALUE,VALUE8,DE0007600405,,,,Euronext Amsterdam
972,VAM,VAM INVEST SHARES,NL0015000G40,,,,Euronext Amsterdam
973,VAN,VAN DE VELDE,GB00BYX4TP46,,,,Euronext Brussels
974,VASTB,VASTNED BELGIUM,BE0003754687,,,,Euronext Brussels
975,VASTN,VASTNED,BE0003754687,,,,Euronext Amsterdam
976,VBNK,,CA92512J1066,,,,
977,VCIT,,US92206C8709,,,,
978,VCLT,,US92206C8139,,,,
979,VCSH,,US92206C4096,,,,
980,VCT,,GB00B17B3479,,,,
981,VEIL,,INE576B01019,,,,
982,VENAR,,AU000000VMC0,,,,
983,VENAW,,AU000000VMC0,,,,
984,VETO,VETOQUINOL,IT0004171440,,,,Euronext Paris
985,VGIT,,US92206C7065,,,,
986,VGLT,,US92206C8477,,,,
987,VGP,VGP,AU000000R3D8,,,,Euronext Brussels
988,VGSH,,US92206C1027,,,,
989,VHNAU,,VGG9320Z1255,,,,
990,VIE,VEOLIA ENVIRON.,FR0000050049,,,,Euronext Paris
991,VIL,VIEL ET COMPAGNIE,CH0002609656,,,,Euronext Paris
992,VIO,VIOHALCO,BE0974271034,,,,Euronext Brussels
993,VIRP,VIRBAC,NET000VIAM99,,,,Euronext Paris
994,VK,VALLOUREC,NO0003025009,,,,Euronext Paris
995,VLA,VALNEVA,RU0007984761,,,,Euronext Paris
996,VLK,V LANSCHOT KEMPEN,RU0007984761,,,,Euronext Amsterdam
997,VMBS,,US92206C7719,,,,
998,VNQI,,US9220426764,,,,
999,VONE,,US92206C7305,,,,
1000,VONG,,US92206C6802,,,,
1001,VONV,,US92206C7149,,,,
1002,VPK,VOPAK,DE0006911605,,,,Euronext Amsterdam
1003,VRAP,VRANKEN-POMMERY,ROVRJUACNOR7,,,,Euronext Paris
1004,VRIG,,US46090A8797,,,,
1005,VRLA,VERALLIA,INE548D01014,,,,Euronext Paris
1006,VTA,VOLTA FINANCE,DE000VTG9999,,,,Euronext Amsterdam
1007,VTHR,,US92206C5994,,,,
1008,VTWG,,US92206C6232,,,,
1009,VTWO,,US92206C6646,,,,
1010,VTWV,,US92206C6497,,,,
1011,VWOB,,US9219468850,,,,
1012,VXUS,,US9219097683,,,,
1013,VYMI,,US9219467944,,,,
1014,WAGA,WAGA ENERGY,FR0012532810,,,,Euronext Paris
1015,WEB,WAREHOUSES ESTATES,BE0003734481,,,,Euronext Brussels
1016,WEST,WESTERN BULK CHART,NO0010768096,,,,Euronext Growth Oslo
1017,WIZZ,,FR00140047H7,,,,
1018,WLN,WORLDLINE,NET000WIND41,,,,Euronext Paris
1019,WOLS,WOL. SHOPPING CERT,CNE000001BJ3,,,,Euronext Brussels
1020,WOOD,,US4642881746,,,,
1021,WTB,,RU000A0JP5V6,,,,
1022,WTW,,IE00BDB6Q211,,,,
1023,WWH,,CNE000001DJ9,,,,
1024,XIL,XILAM ANIMATION,CNE100001JQ0,,,,Euronext Paris
1025,XIOR,XIOR,FI4000480454,,,,Euronext Brussels
1026,XPP,,US74347X8801,,,,
1027,XT,,US46434V3814,,,,
1028,YATRA,YATRA,SK1110001502,,,,Euronext Amsterdam
1029,YEW,YEW GROVE REIT PLC,IE00BDT5KP12,,,,Euronext Dublin
1030,ZENA,ZENITH ENERGY,INE520A01027,,,,Euronext Growth Oslo
1031,ZINGU,,US30320F2056,,,,
